{"UniqueGameObject":[{"name":"cooling-tower","x":-365.6000061035156,"y":-1.2999999523162842,"z":-397.79998779296877,"rotX":0.0,"rotY":0.0,"rotZ":0.0,"scaleX":2.512500047683716,"scaleY":2.512500047683716,"scaleZ":2.512500047683716,"materialName":"LOW-POLY-COLORS (Instance)","meshName":"cooling-tower Instance"},{"name":"castle-medieval","x":-118.0,"y":-0.800000011920929,"z":85.19999694824219,"rotX":0.0,"rotY":0.0,"rotZ":0.0,"scaleX":3.574748992919922,"scaleY":3.574748992919922,"scaleZ":3.574748992919922,"materialName":"LOW-POLY-COLORS (Instance)","meshName":"castle-medieval Instance"},{"name":"cooling-tower","x":-365.6000061035156,"y":-1.2999999523162842,"z":-327.8999938964844,"rotX":0.0,"rotY":0.0,"rotZ":0.0,"scaleX":2.512500047683716,"scaleY":2.512500047683716,"scaleZ":2.512500047683716,"materialName":"LOW-POLY-COLORS (Instance)","meshName":"cooling-tower Instance"},{"name":"building-stadium","x":173.19000244140626,"y":-0.20000000298023225,"z":-299.3999938964844,"rotX":0.0,"rotY":0.0,"rotZ":0.0,"scaleX":1.9272160530090333,"scaleY":1.9272160530090333,"scaleZ":1.9272160530090333,"materialName":"LOW-POLY-COLORS (Instance)","meshName":"building-stadium Instance"}]}